{
  "driver": "bc_tita_v20",
  "evaluated_at": "2026-07-15T21:45:16.113045",
  "laps_requested": 3,
  "laps_completed": 3,
  "lap_times_s": [
    114.03,
    112.168,
    111.986
  ],
  "best_lap_s": 111.986,
  "avg_lap_s": 112.72800000000001,
  "max_speed_kmh": 208.05,
  "avg_speed_kmh": 115.81,
  "off_track_pct": 0.0,
  "damage": 0.0,
  "total_steps": 16567
}